-- ==============================================================
-- LANXGROW COS — Seed Data
-- Migration 00004: Development Seed
-- ==============================================================
-- Requirements before running:
--   1. Run 00001, 00002, 00003 first.
--   2. An admin user must exist in auth.users AND public.profiles.
--      Create via:
--        a) Supabase Dashboard → Authentication → Add User
--        b) Or sign up via the app (first signup = super_admin)
--   3. Replace 'SEED_ADMIN_UUID' below with the actual auth.users id
--      of the admin user from step 2.
-- ==============================================================

-- ==============================================================
-- INSERT YOUR ADMIN USER ID HERE
-- Find it in: Supabase Dashboard → Authentication → Users
-- ==============================================================
-- do $$
--   declare
--     admin_id uuid := 'REPLACE_WITH_REAL_UUID';
--   begin
--     update public.profiles
--     set role = 'super_admin'
--     where id = admin_id;
--   end;
-- $$;

-- ==============================================================
-- Schools
-- ==============================================================
insert into public.schools (id, name, code, status) values
  ('a0000000-0000-0000-0000-000000000001', 'Springfield Elementary', 'SPR001', 'active'),
  ('a0000000-0000-0000-0000-000000000002', 'Riverside High School',   'RIV001', 'active'),
  ('a0000000-0000-0000-0000-000000000003', 'Lakeside Academy',      'LAK001', 'active');

-- ==============================================================
-- Categories
-- ==============================================================
insert into public.categories (id, name, school_id) values
  ('b0000000-0000-0000-0000-000000000001', 'Mathematics',     'a0000000-0000-0000-0000-000000000001'),
  ('b0000000-0000-0000-0000-000000000002', 'Science',         'a0000000-0000-0000-0000-000000000001'),
  ('b0000000-0000-0000-0000-000000000003', 'English',         'a0000000-0000-0000-0000-000000000001'),
  ('b0000000-0000-0000-0000-000000000004', 'Mathematics',     'a0000000-0000-0000-0000-000000000002'),
  ('b0000000-0000-0000-0000-000000000005', 'Science',         'a0000000-0000-0000-0000-000000000002'),
  ('b0000000-0000-0000-0000-000000000006', 'History',         'a0000000-0000-0000-0000-000000000002'),
  ('b0000000-0000-0000-0000-000000000007', 'Arts',            'a0000000-0000-0000-0000-000000000003'),
  ('b0000000-0000-0000-0000-000000000008', 'Technology',      'a0000000-0000-0000-0000-000000000003'),
  ('b0000000-0000-0000-0000-000000000009', 'Languages',       'a0000000-0000-0000-0000-000000000003');

-- ==============================================================
-- Subjects
-- ==============================================================
insert into public.subjects (id, name, school_id, category_id) values
  ('c0000000-0000-0000-0000-000000000001', 'Algebra',      'a0000000-0000-0000-0000-000000000001', 'b0000000-0000-0000-0000-000000000001'),
  ('c0000000-0000-0000-0000-000000000002', 'Geometry',     'a0000000-0000-0000-0000-000000000001', 'b0000000-0000-0000-0000-000000000001'),
  ('c0000000-0000-0000-0000-000000000003', 'Physics',      'a0000000-0000-0000-0000-000000000001', 'b0000000-0000-0000-0000-000000000002'),
  ('c0000000-0000-0000-0000-000000000004', 'Biology',      'a0000000-0000-0000-0000-000000000001', 'b0000000-0000-0000-0000-000000000002'),
  ('c0000000-0000-0000-0000-000000000005', 'Literature',   'a0000000-0000-0000-0000-000000000001', 'b0000000-0000-0000-0000-000000000003'),
  ('c0000000-0000-0000-0000-000000000006', 'Algebra II',   'a0000000-0000-0000-0000-000000000002', 'b0000000-0000-0000-0000-000000000004'),
  ('c0000000-0000-0000-0000-000000000007', 'Chemistry',    'a0000000-0000-0000-0000-000000000002', 'b0000000-0000-0000-0000-000000000005'),
  ('c0000000-0000-0000-0000-000000000008', 'World History','a0000000-0000-0000-0000-000000000002', 'b0000000-0000-0000-0000-000000000006'),
  ('c0000000-0000-0000-0000-000000000009', 'Digital Art',  'a0000000-0000-0000-0000-000000000003', 'b0000000-0000-0000-0000-000000000007'),
  ('c0000000-0000-0000-0000-000000000010', 'Programming',  'a0000000-0000-0000-0000-000000000003', 'b0000000-0000-0000-0000-000000000008'),
  ('c0000000-0000-0000-0000-000000000011', 'Spanish',      'a0000000-0000-0000-0000-000000000003', 'b0000000-0000-0000-0000-000000000009');

-- ==============================================================
-- Sections
-- ==============================================================
insert into public.sections (id, name, school_id, subject_id) values
  ('d0000000-0000-0000-0000-000000000001', 'Linear Equations',   'a0000000-0000-0000-0000-000000000001', 'c0000000-0000-0000-0000-000000000001'),
  ('d0000000-0000-0000-0000-000000000002', 'Quadratic Functions','a0000000-0000-0000-0000-000000000001', 'c0000000-0000-0000-0000-000000000001'),
  ('d0000000-0000-0000-0000-000000000003', 'Newton''s Laws',     'a0000000-0000-0000-0000-000000000001', 'c0000000-0000-0000-0000-000000000003'),
  ('d0000000-0000-0000-0000-000000000004', 'Thermodynamics',     'a0000000-0000-0000-0000-000000000001', 'c0000000-0000-0000-0000-000000000003'),
  ('d0000000-0000-0000-0000-000000000005', 'Cell Structure',     'a0000000-0000-0000-0000-000000000001', 'c0000000-0000-0000-0000-000000000004'),
  ('d0000000-0000-0000-0000-000000000006', 'Polynomials',        'a0000000-0000-0000-0000-000000000002', 'c0000000-0000-0000-0000-000000000006'),
  ('d0000000-0000-0000-0000-000000000007', 'Organic Chemistry',  'a0000000-0000-0000-0000-000000000002', 'c0000000-0000-0000-0000-000000000007'),
  ('d0000000-0000-0000-0000-000000000008', 'Renaissance Art',    'a0000000-0000-0000-0000-000000000003', 'c0000000-0000-0000-0000-000000000009'),
  ('d0000000-0000-0000-0000-000000000009', 'React Fundamentals', 'a0000000-0000-0000-0000-000000000003', 'c0000000-0000-0000-0000-000000000010'),
  ('d0000000-0000-0000-0000-000000000010', 'Verb Conjugation',   'a0000000-0000-0000-0000-000000000003', 'c0000000-0000-0000-0000-000000000011');

-- ==============================================================
-- Content
-- ==============================================================
insert into public.content (id, name, type, url, size, school_id, section_id, description, tags, status) values
  ('e0000000-0000-0000-0000-000000000001', 'Algebra Basics',   'Video', null, '156 MB', 'a0000000-0000-0000-0000-000000000001', 'd0000000-0000-0000-0000-000000000001', 'Introduction to linear equations',       ARRAY['algebra','basics'], 'published'),
  ('e0000000-0000-0000-0000-000000000002', 'Quadratic Formula Explained', 'Video', null, '210 MB', 'a0000000-0000-0000-0000-000000000001', 'd0000000-0000-0000-0000-000000000002', 'Step-by-step quadratic formula guide',   ARRAY['quadratic','algebra'], 'published'),
  ('e0000000-0000-0000-0000-000000000003', 'Newton''s Laws Worksheet', 'PDF', null, '2.4 MB', 'a0000000-0000-0000-0000-000000000001', 'd0000000-0000-0000-0000-000000000003', 'Practice problems for Newton''s Laws',   ARRAY['physics','newton'], 'published'),
  ('e0000000-0000-0000-0000-000000000004', 'Thermodynamics Slides', 'Document', null, '8.1 MB', 'a0000000-0000-0000-0000-000000000001', 'd0000000-0000-0000-0000-000000000004', 'Lecture slides on thermodynamics',       ARRAY['thermo','physics'], 'draft'),
  ('e0000000-0000-0000-0000-000000000005', 'Cell Biology Lab',  'Video', null, '320 MB', 'a0000000-0000-0000-0000-000000000001', 'd0000000-0000-0000-0000-000000000005', 'Lab demonstration of cell structures',   ARRAY['biology','cells'], 'published'),
  ('e0000000-0000-0000-0000-000000000006', 'Polynomial Exercises', 'PDF', null, '1.8 MB', 'a0000000-0000-0000-0000-000000000002', 'd0000000-0000-0000-0000-000000000006', 'Algebra II polynomial practice',         ARRAY['polynomials','algebra'], 'published'),
  ('e0000000-0000-0000-0000-000000000007', 'Organic Chem Intro','Video', null, '180 MB', 'a0000000-0000-0000-0000-000000000002', 'd0000000-0000-0000-0000-000000000007', 'Introduction to organic chemistry',      ARRAY['organic','chemistry'], 'review'),
  ('e0000000-0000-0000-0000-000000000008', 'React Components',  'Video', null, '95 MB',  'a0000000-0000-0000-0000-000000000003', 'd0000000-0000-0000-0000-000000000009', 'Building reusable React components',     ARRAY['react','frontend'], 'published');

-- ==============================================================
-- Audit Logs (sample entries)
-- ==============================================================
insert into public.audit_logs (user_id, user_name, action, entity, entity_name, detail) values
  (null, 'System', 'created', 'School',     'Springfield Elementary', 'Seed data initialization'),
  (null, 'System', 'created', 'Category',   'Mathematics',           'Seed data initialization'),
  (null, 'System', 'uploaded', 'Content',   'Algebra Basics',        'Sample video upload'),
  (null, 'System', 'uploaded', 'Content',   'Newton''s Laws Worksheet', 'Sample PDF upload');
